{
	"BUILD_DIR" : "C:/Users/ycfnc/Documents/GitHub/SCL-90_Scale/src/build/Desktop_Qt_6_9_2_MinGW_64_bit-Release/SCL-90_autogen",
	"CMAKE_BINARY_DIR" : "C:/Users/ycfnc/Documents/GitHub/SCL-90_Scale/src/build/Desktop_Qt_6_9_2_MinGW_64_bit-Release",
	"CMAKE_CURRENT_BINARY_DIR" : "C:/Users/ycfnc/Documents/GitHub/SCL-90_Scale/src/build/Desktop_Qt_6_9_2_MinGW_64_bit-Release",
	"CMAKE_CURRENT_SOURCE_DIR" : "C:/Users/ycfnc/Documents/GitHub/SCL-90_Scale/src",
	"CMAKE_SOURCE_DIR" : "C:/Users/ycfnc/Documents/GitHub/SCL-90_Scale/src",
	"CROSS_CONFIG" : false,
	"GENERATOR" : "Ninja",
	"INCLUDE_DIR" : "C:/Users/ycfnc/Documents/GitHub/SCL-90_Scale/src/build/Desktop_Qt_6_9_2_MinGW_64_bit-Release/SCL-90_autogen/include",
	"INPUTS" : [ "C:/Users/ycfnc/Documents/GitHub/SCL-90_Scale/src/Questions.dat" ],
	"LOCK_FILE" : "C:/Users/ycfnc/Documents/GitHub/SCL-90_Scale/src/build/Desktop_Qt_6_9_2_MinGW_64_bit-Release/CMakeFiles/SCL-90_autogen.dir/AutoRcc_questions_EWIEGA46WW_Lock.lock",
	"MULTI_CONFIG" : false,
	"OPTIONS" : [ "--no-zstd", "-name", "questions" ],
	"OUTPUT_CHECKSUM" : "EWIEGA46WW",
	"OUTPUT_NAME" : "qrc_questions.cpp",
	"RCC_EXECUTABLE" : "C:/Qt/6.9.2/mingw_64/bin/rcc.exe",
	"RCC_LIST_OPTIONS" : [ "--list" ],
	"SETTINGS_FILE" : "C:/Users/ycfnc/Documents/GitHub/SCL-90_Scale/src/build/Desktop_Qt_6_9_2_MinGW_64_bit-Release/CMakeFiles/SCL-90_autogen.dir/AutoRcc_questions_EWIEGA46WW_Used.txt",
	"SOURCE" : "C:/Users/ycfnc/Documents/GitHub/SCL-90_Scale/src/questions.qrc",
	"USE_BETTER_GRAPH" : true,
	"VERBOSITY" : 0
}
